Workbook

Sheet ARTICULOS
A1: REFERENCIA | B1: ARTICULO | C1: PROVEEDOR | D1: PRECIO
A2: C001 | B2: MODEM | C2: P001 | D2: 50
A3: C002 | B3: RATON | C3: P001 | D3: 10
A4: C003 | B4: TECLADO | C4: P001 | D4: 12
A5: C004 | B5: TORRE | C5: P002 | D5: 200
A6: C005 | B6: CAJA | C6: P002 | D6: 150
A7: C006 | B7: MONITOR | C7: P001 | D7: 150
A8: C007 | B8: ALFOMBRILLA | C8: P001 | D8: 3
A9: C008 | B9: PROCESADOR | C9: P002 | D9: 300
A10: C009 | B10: DISCO | C10: P002 | D10: 100
A11: C010 | B11: TARJETA VIDEO | C11: P002 | D11: 30

Sheet COMPRAS
A1: REFERENCIA | B1: UNIDADES PEDIDAS | C1: NOMBRE ARTICULO | D1: PRECIO ARTICULO | E1: FECHA PEDIDO | F1: PROVEEDOR
A2: C001 | B2: 18 | C2: =VLOOKUP(A2, ARTICULOS!$A$2:$D$11,2,0) -> MODEM | D2: =+VLOOKUP(A2,ARTICULOS!$A$2:$D$11,4,) -> 50 | E2: 37299 | F2: =VLOOKUP(Tabla1[[#This Row],[REFERENCIA]],Tabla2[#All],3,) -> P001
A3: C002 | B3: 20 | C3: =VLOOKUP(A3, ARTICULOS!$A$2:$D$11,2,0) -> RATON | D3: =+VLOOKUP(A3,ARTICULOS!$A$2:$D$11,4,) -> 10 | E3: 37340 | F3: =VLOOKUP(Tabla1[[#This Row],[REFERENCIA]],Tabla2[#All],3,) -> P001
A4: C003 | B4: 30 | C4: =VLOOKUP(A4, ARTICULOS!$A$2:$D$11,2,0) -> TECLADO | D4: =+VLOOKUP(A4,ARTICULOS!$A$2:$D$11,4,) -> 12 | E4: 37346 | F4: =VLOOKUP(Tabla1[[#This Row],[REFERENCIA]],Tabla2[#All],3,) -> P001
A5: C001 | B5: 35 | C5: =VLOOKUP(A5, ARTICULOS!$A$2:$D$11,2,0) -> MODEM | D5: =+VLOOKUP(A5,ARTICULOS!$A$2:$D$11,4,) -> 50 | E5: 37370 | F5: =VLOOKUP(Tabla1[[#This Row],[REFERENCIA]],Tabla2[#All],3,) -> P001
A6: C004 | B6: 40 | C6: =VLOOKUP(A6, ARTICULOS!$A$2:$D$11,2,0) -> TORRE | D6: =+VLOOKUP(A6,ARTICULOS!$A$2:$D$11,4,) -> 200 | E6: 37376 | F6: =VLOOKUP(Tabla1[[#This Row],[REFERENCIA]],Tabla2[#All],3,) -> P002
A7: C003 | B7: 10 | C7: =VLOOKUP(A7, ARTICULOS!$A$2:$D$11,2,0) -> TECLADO | D7: =+VLOOKUP(A7,ARTICULOS!$A$2:$D$11,4,) -> 12 | E7: 37401 | F7: =VLOOKUP(Tabla1[[#This Row],[REFERENCIA]],Tabla2[#All],3,) -> P001
A8: C001 | B8: 8 | C8: =VLOOKUP(A8, ARTICULOS!$A$2:$D$11,2,0) -> MODEM | D8: =+VLOOKUP(A8,ARTICULOS!$A$2:$D$11,4,) -> 50 | E8: 37404 | F8: =VLOOKUP(Tabla1[[#This Row],[REFERENCIA]],Tabla2[#All],3,) -> P001
A9: C005 | B9: 90 | C9: =VLOOKUP(A9, ARTICULOS!$A$2:$D$11,2,0) -> CAJA | D9: =+VLOOKUP(A9,ARTICULOS!$A$2:$D$11,4,) -> 150 | E9: 37408 | F9: =VLOOKUP(Tabla1[[#This Row],[REFERENCIA]],Tabla2[#All],3,) -> P002
A10: C006 | B10: 120 | C10: =VLOOKUP(A10, ARTICULOS!$A$2:$D$11,2,0) -> MONITOR | D10: =+VLOOKUP(A10,ARTICULOS!$A$2:$D$11,4,) -> 150 | E10: 37417 | F10: =VLOOKUP(Tabla1[[#This Row],[REFERENCIA]],Tabla2[#All],3,) -> P001
A11: C005 | B11: 90 | C11: =VLOOKUP(A11, ARTICULOS!$A$2:$D$11,2,0) -> CAJA | D11: =+VLOOKUP(A11,ARTICULOS!$A$2:$D$11,4,) -> 150 | E11: 37427 | F11: =VLOOKUP(Tabla1[[#This Row],[REFERENCIA]],Tabla2[#All],3,) -> P002
A12: C006 | B12: 65 | C12: =VLOOKUP(A12, ARTICULOS!$A$2:$D$11,2,0) -> MONITOR | D12: =+VLOOKUP(A12,ARTICULOS!$A$2:$D$11,4,) -> 150 | E12: 37444 | F12: =VLOOKUP(Tabla1[[#This Row],[REFERENCIA]],Tabla2[#All],3,) -> P001
A13: C004 | B13: 70 | C13: =VLOOKUP(A13, ARTICULOS!$A$2:$D$11,2,0) -> TORRE | D13: =+VLOOKUP(A13,ARTICULOS!$A$2:$D$11,4,) -> 200 | E13: 37504 | F13: =VLOOKUP(Tabla1[[#This Row],[REFERENCIA]],Tabla2[#All],3,) -> P002
... A36: C010 | B36: 90 | C36: =VLOOKUP(A36, ARTICULOS!$A$2:$D$11,2,0) -> TARJETA VIDEO | D36: =+VLOOKUP(A36,ARTICULOS!$A$2:$D$11,4,) -> 30 | E36: 37940 | F36: =VLOOKUP(Tabla1[[#This Row],[REFERENCIA]],Tabla2[#All],3,) -> P002
